Роулинг; Дж;2017; Гарри Поттер;500;
Хруст; Ф;2015; Диванные монахи;450;
Сэлинджер; Дж;1986; Над пропастью во ржи;320;
Троепольский; Г;1986; Белый Бим Черное Ухо;435;
Берджесс; Э;1987; Заводной апельсин;412;
Ионов; Н;2003; Логин в Небеса;467;
Доегрти; Б;2001; Здравствуй Никто;403;
Ремарк; Э;1949; Три товарища;467;
Нефедова; М;1992; Лесник и его нимфа;432;
Чбоски; С;1985; Хорошо быть тихоней;467;
Дымов; М;2004; Дети пишут Богу;437;
Набоков; В;1986; Лолита;679;
Тор; А;1983; Правда или последствия;510;
Генри; О;1976; Дары волхвов;348;
Митчелл; М;1964; Унесенные ветром;567;
Бегбедер; Ф;1976; Воспоминания молодого человека;431;
Бронте; Ш;1864; Джен Эйр;467;
Дикамилло; К;1876; Удивительное путешествение кролика;403;
Мирный; П;1892; Гулящая;464;
Грин; А;1972; Алые паруса;348;
Берджесс; Э;1983; Заводной апельсин;349;
Брэдбери; Р;1974;Апрельское колдовство;397;
Голдинг; У;1989; Повелитель мух;430;
Ремарк; Э;1976; Жизнь взаймы;453;
Баранова; Н;2018; Мой пятый го;160;
Астахов; Ю;2018; Поль Гоген. Франция;212;
Астахов; Ю;2018; Поль Гоген. Таити;236;
Милюгина; Е;2018; Дом изящных искусств;114;
Астахов; Ю;2017; Густав Климт.Живопись и графика;247;
Милюгина; Е;2017; Британская галерея Тейт.Лондон;114;
Кэролл; Л;2017; Алиса в зазеркалье;296;
Перевезенцев; С;2017; Россия. Великая судьба;704;
Меркулова; Л;2018; Альбом. Однажды появилось чудо. Первые 5 лет;114;
Меркулова; Л;2018; Альбом. Жил-был мальчик. Хроники одного героя;112;
Леонов; О;2017; Русский военный костюм. Восемнадцатый век;352;
Баранова; Н;2018; Мой первый год;152;
Джованьоли ;Р.;2004;Вступительный взнос;842;
Джованьоли ;Р.;2006;Друзья познаются в беде;524;
Джованьоли ;Р.;2007;Король орков;841;
Джованьоли ;Р.;2008;Король пиратов;672;
Джованьоли ;Р.;2009;Король призраков;237;
Джованьоли ;Р.;2010;Гаунтлгрим;456;
Джованьоли ;Р.;2011;Лес Невервинтера;843;
Джованьоли ;Р.;2012;Коготь Харона;723;
Джованьоли ;Р.;2013; Последний порог;562;
Джованьоли ;Р.;2013; Компаньоны;746;
Джованьоли ;Р.;2014; Ночь охотника;754;
Дюма; А.;2014; Три мушкетера;464;
По; Э. А.;2014; Маска Красной Смерти;576;
Лонгфелло; Г. ;2008; Песнь о Гайавате;336;
Данте; А. ;2006; Новая жизнь ;288;
Дойл; А.;2010; Приключения Шерлока Холмса;312;
Паркер; Р.;2016; Винный гид покупателя;1712;
Спеццано; Ч.;2017; Архетипы и тени;1240;
Лондон; Дж;1906; Белый Клык;400;
Митчелл; М;1936; Унесенные ветром;1247;
Грин; Дж;2005; В поисках Аляски;468;
Дойль; А.К;1892; Приключения Шерлока Холмса;835;
Толстой; Л.Н;1867; Война и Мир;1260;
Достоевский; Ф.М;1866; Преступление и наказание;905;
Стивенсон; Р.Л;1882; Остров сокровищ;703;
Кэрролл; Л;1865; Алиса в Стране чудес;569;
Бунин; И.А;1916; Легкое дыхание;383;
Пушкин; А.С;1836; Капитанская дочка;236;
Джойс; Дж;1922; Улисс;430;
Фолкнер; Р;1929; Шум и ярость;693;
Вульф; В;1927; К маяку;382;
Остин; Дж;1813; Гордость и предубеждения;359;
Свифт; Дж;1726; Путешествия Гулиивера;538;
Сэлинджер; Дж.Д;1951; Над пропастью во ржи;430;
Маркес; Г.Г;1967; Сто лет одиночества;734;
Фитцджеральд; Ф.С;1925; Великий Гэтсби;1287;
Хаксли; О;1932; Дивный новый мир;652;
Дарвин; Ч;1859; Происхождение видов;734;
Руссо; Ж-Ж;1762; Общественный договор;543;
Милн; А.А;1926; Винни-Пух;692;
Льюис; К;1950; Лев; колдунья и платяной шкаф;593
Ли; Х;1960; Убить пересмешника;320;
Берджес; Э;1962; Заводной апельсин;429;
Кристи; А;1939; Десять негритят;328;
Лоуренс; Д;1913; Сыновья и любовники;562;
Грэм; К;1908; Ветер в ивах;321;
Бронте; Ш;1847; Джейн Эйр;358;
Киз; Д;1959; Цветы для Элджернона;372;
Брэдбери; Р;1953; 451 по Фаренгейту;405;
Емец; Д.А.;2016; Мефодий Буслаев Самый лучший враг;389;
Оруэлл; Дж;1945; Скотный двор;674;
Емец; Д.А.;2014; Ошибка Грифона;445;
Храмов; Д.;2017; СБОР ДАННЫХ В ИНТЕРНЕТЕ НА ЯЗЫКЕ R;889;
Браун; Д. ;2016; Инферно;900;
Браун; Д. ;2017; Происхождение;679;
Хокинс; П.;2016; Девушка в поезде;544;
Брэдбери; Р.;1987; Человек;344;
Брэдбери; Р.;1986; Смерть и старая Дева;354;
Пушкин; А.С.;1840; Сказка о Царе Салтане;100;
Пушкин; А.С.;1844; Руслан и Людмила;22;
Уэйр; Р.;2016; В темном-темном лесу;234;
Бронте; Ш.;1847; Джейн Эйр;350;
Бронте; Ш.;1849; Шерли;450;
Бронте; Ш.;1850; Городок;150;
Бронте; Ш.;1851; Учитель;750;
Тургенев; Т.;1844; Отцы и дети;500;
Остин; Д.;1813; Гордость и предубеждение;700;
Остин; Д.;1811; Чувство и чувствительность;400;
Остин; Д.;1814; Мэнсфилд-парк;300;
Толстой; Л.Н.;1865; Война и мир;2000;
Толстой; Л.Н.;1873; Анна Каренина;1000;
Шекспир; У.;1622; Отелло;105;
Шекспир; У.;1602; Гамлет;185;
Шекспир; У.;1612; Ромео и Джульета;605;
Шекспир; У.;1607; Король Лир;485;
Тургенев; И.;1836; Муму;245;
Тургенев; И.;1838; Воробей;421;
Тургенев; И.;1839; Собака;243;
Тургенев; И.;1840; Бежин луг;544;
Тургенев; И.;1841; Дворянское гнездо;745;
Тургенев; И.;1842; Дым;144;
Тургенев; И.;1839; Накануне;235;
Тургенев; И.;1838; Ася;645;
Твен; М;1875; Приключения Тома Сойера;288;
Кинг; С;1986; Оно;1248;
Тун; П;1999; Одно идеальное лето;416;
Арбенина; Д;1874; Тильда;320;
Бейти; П;2001; Продажная тварь;303;
Мюссо; Г;1994; Квартира в Париже;519;
Метлицкая; М;1987; Его женщина;384;
Вильмонт; Е;1996; Шпионы тоже лохи;320;
Бочков; В;2007; Брат мой Каин;384;
Риггз; Р;2014; Дом странных детей;432;
Киз; Д;1899; Цветы для Элджернона;404;
Грин; Д;1958; Виноваты звезды;288;
Мойес; Д;1938; После тебя;455;
Остен; Д;1859; Чувство и чувствительность;269;
Остен; Д;1847; Любовь и дружба;274;
Гурова; И;2011; Очаровательный странник;302;
Баранов; М;1970; Красота внутри;291;
Кинг; С;1983; Сердца в Атлантиде;724;
Питерс; Ч;1931; Прекрасная ночь;516;
Романов; А;1894; Небеса;294;
Воронин; М;2003; Незнакомка ;624;
Гранин; Д;1995; Мой лейтенант;672;
Гюго; В;1936; Отверженные;864;
Вильмонт; Е;1989; Вор;566;
Чудова; А;2016; Винсент Ван Гог;160;
Громова; Е;2014; Сокровища мировой живописи;448;
Геташвили; Д;2013; Атлас мировой живописи;401;
Грин; Д;1942; Маленькое царство;328;
Соловьева; Д;1988; С мамой о прекрасном;389;
Чудова; А;2017; Импрессионисты;194;
Сапковский   ;А.;1986;Ведьмак;700;
Сапковский   ;А.;1986; Последнее желание ;700;
Сапковский   ;А.;1992; Меч Предназначения ;700;
Сапковский   ;А.;1994; Кровь эльфов ;700;
Сапковский   ;А.;1995; Час презрения ;700;
Сапковский   ;А.;1996;. Крещение огнем ;700;
Сапковский   ;А.;1997; Башня Ласточки ;700;
Сапковский   ;А.;1998; Владычица Озера ;700;
Сапковский   ;А.;2013;Сезон гроз;700;
Джованьоли ;Р.;1874;Спартак ;500;
Верн Ж.;Ж.;1870;Двадцать тысяч льё под водой;600;
Джованьоли ;Р.;2010;Невервинтер;400;
Джованьоли ;Р.;1988;Магический кристалл ;500;
Джованьоли ;Р.;1989;Серебряные стрелы ;400;
Джованьоли ;Р.;1990;Проклятие рубина ;700;
Джованьоли ;Р.;1990;Отступник ;800;
Джованьоли ;Р.;1990; Изгнанник ;405;
Джованьоли ;Р.;1991; Воин ;408;
Джованьоли ;Р.;1992;Темное наследие ;865;
Джованьоли ;Р.;1993; Темное зеркало ;797;
Джованьоли ;Р.;1994;Беззвездная ночь;697;
Джованьоли ;Р.;1995; Осада тьмы;426;
Джованьоли ;Р.;1995; Гвенвивар ;978;
Джованьоли ;Р.;1996;Путь к рассвету ;765;
Джованьоли ;Р.;1999; Незримый клинок ;865;
Джованьоли ;Р.;2000;Хребет Мира ;578;
Джованьоли ;Р.;2001;Море мечей ;906;
Джованьоли ;Р.;2003; Тысяча орков;659;
Джованьоли ;Р.;2003; Одинокий эльф ;765;
Джованьоли ;Р.;2004; Два меча ;756;
Джеймса;Д.;2009;Бегущий в лабиринте ;600;
Кристофером;П.;2007;Eragon;607;
Клайвом С.;С.;1950;Хроники Нарнии;700;
Роджер Ж.;Ж.;2004;Хроники Амбера;1280;
Мэри С.;С.;2009;Сага о короле Артуре;1280;
Джордж М.;М.;1991;Песнь льда и пламени;1300;
Eric; S.N.;2001; Halo: The Fall of Reach;416;
Eric; S.N.;2003; Halo: First Strike;340;
Eric; S.N.;2006; Halo: Ghosts of Onyx;384;
William; C.D.;2010; Halo: The Flood;432;
Глуховский; Д.А.;2007; Метро 2033;381;
Глуховский; Д.А.;2009; Метро 2034;448;
Глуховский; Д.А.;2015; Метро 2035;384;
Дьяков; А.Г.;2010; К свету;371;
Дьяков; А.Г.;2011; Во мрак;401;
Дьяков; А.Г.;2013; За горизонт;387;
Карпишин; Дрю;2007; Откровение;320;
Карпишин; Дрю;2008; Восхождение;320;
Карпишин; Дрю;2010; Возмездие;310;
Уильям; К.Д.;2012; Обман;343;
Traviss; Karen;2014; Halo: Mortal Dictata;495;
Traviss; Karen;2012; Halo Glasslands;423;
Traviss; Karen;2012; Halo: The Thursday War;461;
Forbeck; Matt;2017; Halo: Legacy of Onyx;451;
Forbeck; Matt;2015; Halo: New Blood;200;
Bear; Greg;2011; Halo: Cryptum;352;
Bear; Greg;2013; Halo: Silentium;414;
Bear; Greg;2012; Halo: Primordium;356;
Schlerf; Christopher;2014; Halo: Escalation: Volume 1;152;
Schlerf; Christopher;2015; Halo: Escalation: Volume 2;149;
Schlerf; Christopher;2015; Halo: Escalation: Volume 3;144;
Schlerf; Christopher;2016; Halo: Escalation: Volume 4;155;
Tobias; S.B.;2017; Halo: Envoy;384;
Denning; Troy;2015; Halo: Last Light;473;
Reed; Brian;2014; Halo: Initiaton;72;
David; Peter;2015; Halo: Hunters in the Dark;368;
Толстой; Л.Н.;1867; Война и мир;1225;
Шолохов; М.А.;1940; Тихий дон;700;
Фицджеральд; Ф.С.;1925; Великий Гэтсби;215;
Булгаков; М.А.;1967; Мастер и Маргарита;480;
Брэдбери; Р.;1953; 451 по Фарангейту;358;
Экзепюри ;С.;1942; Военный летчик;52;
Эрих; М.Р.;1961; Жизнь взаймы;302;
Стивен; К.;1996; Зеленая миля;384;
Ромен; Г.;1997; Обещание на заре;64;
Ален; С.Э.;2017; Первые заморозки;384;
Уайт; К.;2017; Одна среди туманов;672;
Робертс; Г.Д.;2003; Шантарам;200;
Оурелл; Д.;1949;1984;320;
Уайлд; О.;1890; Портрет Дориана Грея;160;
Брэдбери; Р.;1957; Вино из одуванчиков;384;
Сэлинджер; Д.Д.;1951; Над пропастью во ржи;214;
Киз; Д.;1959; Цветы для Элджернона;311;
Ли; Х.;1960; Убить пересмешника;281;
Экзюпери; А.;1943; Маленький принц;160;
Маркес; Г.Г.;1967; Сто лет одиноество;300;
Робертс; Г.Д.;2015; Тень горы;832;
Ренд; А.;1957; Атлант расправил плечи;1168;
Вейер; Э.;2011; Марсианин;369;
Сафарли; Э.;2010; Мне тебя обещали;311;
Зусак; Маркус.;2005; Книжный вор;584;
Вишневский; Я.Л.;2001; Одиночество в сети;400;
Петросян; М.;2009; Дом,  в котором находится Джек;200;
Остен; Дж.;2005; Гордость и предубеждение;416;
Мартин; Д.Р.;1996; Игра престолов;694;
Коэльо; П.;1988; Алхимик;163;
Зюскинд; Патрик;1985; Парфюмер;400;
Достоевский; Ф.М.;1866; Преступление и наказание;574;
Толстой; Л.Н.;1878; Анна Каренина;450;
Булгаков; М.А.;1937; Мастер и Маргарита;310;
Сэлинджер; Д.Д.;1951; Над пропастью во ржи;213;
Габриэль; Г.М.;1967; Сто лет одиночества;480;
Вейер; Э.;2011; Марсианин;384;
Дюма; А.;1844; Граф Монте-Кристо;1240;
Вишневский; Я.Л.;2001; Одиночество в сети;400;
Достоевский; Ф.М.;1868; Идиот;640;
Лермонтов; М.Ю.;1840; Герой нашего времени;150;
Стивен; К.;1999; Зеленая миля;448;
Митчелл; М.;1860; Унесенные ветром;370;
Пьюзо; М.;1969; Крестный отец;720;
Грин; А.;1922; Алые паруса;128;
Браун; Д.;2003; Код да Винчи;189;
Хэмингуэй; Э.;1952; Старик и море;85;
Браун; Д.;2013; Инферно;490;
Хейли; А.;1968; Аэропорт;604;
Дойл; А.К.;1892; Приключения Шерлока Холмса;144;
Айзексон; У.;2005; Стив Джобс;112;
Набоков; В.;1955; Лолита;260;
Коллинз; С.;2009; Голодные игры;380;
Хокинг; С.;1988; Кратчайшая история времени;230;
Пушкин; А.С;1832; Евгений Онегин;150;
Пастернак; Б.;1957; Доктор Живаго;700;
Гоголь; Н.В.;1842; Мертвые Души;410;
Грибоедов; А.С.;1824; Горе от ума;160;
Гончаров; И.А.;1859; Обломов;350;
Оруэлл; Дж;1976;1984;432;
Харпер; Ли;1984; Убить пересмешника;419;
Хемингуэй; Э;1983; По ком звонит колокол;567;
Бунин; И;1978; Легкое дыхание;467;
Маркес; Г;1987; Сто лет одиночества;382;
Мопассан; Г;1973; Милый друг;492;
